Alfa Romeo,145,Quadrifoglio,Ts
Alfa Romeo,146,Ti,Ts
Alfa Romeo,147,Distinctive,Selespeed,Ts
Alfa Romeo,155,Super,Ts
Alfa Romeo,156,Tc,Ts
Alfa Romeo,159,Distinctive,Elegante
Alfa Romeo,164,L,Super,Ts
Alfa Romeo,166,Sportonic
Alfa Romeo,33,Quadrifoglio
Alfa Romeo,Giulia,Distinctive,Quadrifoglio,Veloce
Alfa Romeo,Giulietta,Distinctive,Distinctive Premium,Progression,Quadrifoglio,Sprint
Alfa Romeo,Mito,Distinctive,Junior,Premium Sport,Progression,Quadrifoglio,Sport,Veloce
Alfa Romeo,Spider,Ts
Alfa Romeo,Stelvio,Distinctive Q4,Quadrifoglio,Super,Veloce
Alfa Romeo,Tonale,Sprint,Veloce
Audi,A1,Ambition,Attraction,Line
Audi,A1 Sportback,30 Tfsi,35 Tfsi,Ambition,Line
Audi,A4,Advanced,Ambition,Attraction,Luxury,Sport
Audi,A4 Avant,Ambition,Attraction
Audi,A6 Allroad,55 Mild-hybrid
Audi,Q2,Advanced,Serie,Sport
Audi,Q5 Sportback,Advanced,S-line
Baic,U5,Plus
Baic,X35,Confort,Luxury
Baic,X55,Elite,Luxury,Plus
Baic,X55 II,Luxury
Baic,X55 Plus,Ejecutivo,Plus
BMW,220,Sport
BMW,240,Mperformance
BMW,320,Ejecutivo,Luxury
BMW,330,Sportline Shadow
BMW,M2,M3
BMW,Serie 1,Active,Executive,M Package,Mperformance,Sport,Sportive,Sportline,Urban,Ventaja
BMW,Serie 2,M Package,Mpackage Lci,Mperformance,Sport,Sport Lci,Ventaja
BMW,Serie 3,Active,Compact,Executive,Luxury,M Package,M340i,Selective,Sport,Sportive,Sportline,Sportline Shadow
BMW,Serie 4,Lci Msport,M Package,M Sport Lci,Sport,Sportline,Sportline Lci
BMW,Serie 5,Executive,M Package,Premium,S,Sportive
BMW,Serie 6,Premium,Sportive
BMW,Serie 7,Premium
BMW,Serie M,Jahre,M3,M4,M5,Sport,Sportive
BMW,X1,Active,Black Edition,Executive,Msport X,Sportline,Xline
BMW,X2,Mpa,Mperformance,Msport X,Sdrive20i Gp,Sdrive20i Msportx
BMW,X3,Executive,Mperformance,Msport X,Xline
BMW,X4,Executive,M Package,Xline
BMW,X5,Excellence,Executive,M,M Package,Premium,Seguridad,Xline
BMW,X6,Extravagance,M Package,M Sport,Premium,Sportive
BMW,X7,Mperformance,Xline
BMW,Z3,Sportive
BMW,Z3 Roadster,Sportive
BMW,Z4 Coupé,Executive,Premium
BMW,Z4 Roadster,Ejecutivo,M Package
Byd,Dolphin Mini,Gl,Gs
Byd,Yuan Pro,Gl,Gs
Chery,Arrizo,Luxury
Chery,Arrizo 5,Confort,Luxury
Chery,Chery QQ,Confort,Confort Security,Light,Light Security
Chery,Face,Luxury
Chery,QQ,Confort,Confort Security,Light,Light Security
Chery,Tiggo,Confort,Luxury
Chery,Tiggo 2,Confort,Luxury
Chery,Tiggo 3,Confort,Luxury
Chery,Tiggo 4,Comfort,Confort
Chery,Tiggo 4 Pro,Comfort,Confort,Luxury
Chery,Tiggo 5,Confort,Luxury
Chery,Tiggo 8 Pro,Luxury
Chevrolet,Agile,Effect,Ls,Ls Spirit,Lt,Lt Spirit,Ltz
Chevrolet,Astra,Cd,Gl,Gls,Gsi
Chevrolet,Aveo,Gls,Lt
Chevrolet,Aveo G3,Ls,Lt
Chevrolet,Blazer,Dlx,Executive,Tahoe Lt
Chevrolet,C-20,Custom,Deluxe
Chevrolet,Camaro,Ss
Chevrolet,Captiva,Ls,Lt,Ltz
Chevrolet,Celta,Avantage,Ls,Lt
Chevrolet,Classic,Cargo,Ls,Ls Pack,Lt,Lt Pack,Lt Spirit
Chevrolet,Cobalt,Lt,Ltz
Chevrolet,Corsa,Cd,City,Gl,Gls,Life,Lt Pack,Se,Super,Wind
Chevrolet,Corsa Classic,Allure,Cargo,Gl,Ls Pack,Se,Wind
Chevrolet,Corsa II,Cd,Gl,Gls
Chevrolet,Corsa Wagon,Gl
Chevrolet,Cruze,Lt,Ltz,Midnight,Premier,Rs
Chevrolet,Cruze 5,Lt,Ltz,Premier,Rs
Chevrolet,Cruze II,Expression,Lt,Ltz,Premier
Chevrolet,D-20,Conquest,Custom,Deluxe
Chevrolet,Equinox,Lt,Premier
Chevrolet,Grand Blazer,Dlx
Chevrolet,Joy Plus,Base,Black Edition
Chevrolet,Lumina,Cl
Chevrolet,Meriva,Gl,Gls
Chevrolet,Montana,Ls,Lt,Ltz,Premier,Rs,Sport
Chevrolet,Onix,Activ,Base,Black Edition,Effect,Joy,Ls,Lt,Lt Tech,Lt Tech Onstar,Ltz,Premier,Rs
Chevrolet,Onix Plus,Base,Black Edition,Lt,Ltz,Premier,Tech Onstar,Tecnologia
Chevrolet,Prisma,Joy,Ls,Lt,Ltz
Chevrolet,S-10,High Country,Ls,Lt,Ltz,Z71
Chevrolet,S10,Cs,Dlx,High Country,L,Le,Ls,Lt,Ltz,Midnight,Plus,Z71
Chevrolet,Silverado,Dlx,High Country
Chevrolet,Sonic,Lt,Ltz,Ltz Effect
Chevrolet,Spark,Ls,Lt
Chevrolet,Spin,Activ,Lt,Ltz,Premier
Chevrolet,Tracker,Lt,Ltz,Premier,Rs
Chevrolet,Trailblazer,High Country,Lt,Ltz,Premier
Chevrolet,Vectra,Cd,Gl,Gls,Gt
Chevrolet,Zafira,Gl,Gls
Chrysler,300,C,M
Chrysler,300C,C
Chrysler,Caravan,Se
Chrysler,Grand Caravan,Le,Se
Chrysler,Neon,Le,Lx,Se,Sport
Chrysler,PT Cruiser,Classic,Gt,Limited,Touring
Chrysler,Pt Cruiser Touring,Es,Touring
Chrysler,Sebring,Le,Lx
Chrysler,Stratus,Le,Lx
Chrysler,Town & Country,Limited
Citroën,Aircross,Exclusive,Feel,Feel Pack,Live,Shine,Sx,Tendance,Urban Edition
Citroën,Berlingo,Bussines,Negocio,Pack,Sx
Citroën,Berlingo Furgon,Am,Bussines,Negocio,Pack
Citroën,Berlingo Multispace,Pack,Sx,X
Citroën,C-Elysee,Feel,Live,Shine
Citroën,C3,Exclusive,Feel,Feel Pack,First Edition,I Sx,I X,I Xtr,Infinit,Live,Origine,Origins,Shine,Soundtrack,Start,Sx,Techno,Tendance,Urban Trail,X,X-tr
Citroën,C3 Aircross,Exclusive,Feel,Feel Pack,Live,Shine,Sx,Tendance,Urban Edition
Citroën,C3 Picasso,Exclusive,L,Origine,Sx,Tendance
Citroën,C4,Exclusive,I X,Sx,Vts,X
Citroën,C4 Aircross,Tendance
Citroën,C4 Cactus,[Autos y Camionetas - Serie C],Feel,Feel Pack,Live,Noir,Origins,Puretech,Rip Curl,Shine
Citroën,C4 Lounge,Exclusive,Feel,Live,Origine,Origins,S,Shine,Tendance
Citroën,C4 Picasso,Feel,Origine,Tendance
Citroën,C4 Spacetourer,Feel,Rip Curl
Citroën,C5,Confort,Dynamique,Exclusive,Sx
Citroën,C5 Aircross,Feel Pack
Citroën,DS3,1955,So Chic,Sport
Citroën,DS4,Sport
Citroën,Grand C4 Picasso,Bva,Shine,Tendance,Thp Shine
Citroën,Grand C4 Spacetourer,Feel,Shine
Citroën,Jumper,Furgon,L3h2
Citroën,Mehari,Std
Citroën,Saxo,Dx,I X
Citroën,Xsara,Sx,Vts
Citroën,Xsara Picasso,Exclusive,I
Citroën,Zx,Armonic,Avantage
Coradir,Tita,300
Daewoo,Tico,Dx,Elite,Furgon,Prime
Daihatsu,Applause,Familia,Prime
Dodge,Dakota,Base,Sport
Dodge,Daytona,L
Dodge,Journey,R/t Atx,Rt,Se,Sxt
DS,DS3,Be Chic,Darkside,So Chic,Sport Chic
DS,DS3 Crossback,Puretech Be Chic,Puretech Grand Chic,Puretech So Chic,Rivoli
DS,DS4,Performance Line,So Chic,Sport Chic,Trocadero
DS,DS7 Crossback,Be Chic,E-tense,Grand Chic,Performance Line,So Chic
Fiat,128,Europa Cl5,Se,Se Tr Full,Berlina
Fiat,128 Familiar,Se
Fiat,147,Cl5,Gl,Sorpasso,Tr,Vivace
Fiat,147 Spazio,Cl,Tr,Vivace
Fiat,500,Abarth,By Gucci,Cult,Fire,Lounge,Sport
Fiat,500C,By Gucci,Fire,Lounge
Fiat,500L,Pop Star
Fiat,500X,Cross,Pop
Fiat,Argo,Drive,Hgt,Precision
Fiat,Bravo,Dynamic,Hgt,Sport
Fiat,Cronos,Drive,Like,Precision,Stile
Fiat,Doblo,Active
Fiat,Ducato,Economy,L4h2
Fiat,Duna,Cl,Confort,Cs,S,Scr,Sd,Sdl,Sdr,Sdv,Sl,Sx,Sxd
Fiat,Duna Weekend,Csl,Scr,Se
Fiat,Fastback,Abarth,Ltz
Fiat,Fiorino,Confort,Endurance,Evo,Fire,Pack Top,Resistencia
Fiat,Grand Siena,Attractive,Essence
Fiat,Idea,Active,Adventure,Attractive,Aventura,Elx,Essence,High Tech,Hlx,Sporting
Fiat,Linea,Absolute,Essence
Fiat,Mobi,Easy,Trekking,Way
Fiat,Palio,Adventure,Adventure Locker,Attractive,Aventura,Confort,El,Elx,Elx Active,Elx Lujo,Elx Top,Essence,Essence Active,Ex,Fire,Hl,Hlx,Hlx Active,R,S,Sporting,Sx,Sx Young,Top,Trekking,Way
Fiat,Pulse,Abarth,Drive,Impulso
Fiat,Punto,Attractive,Blackmotion,Elx,Elx Top,Essence,Hlx,Sporting
Fiat,Qubo,Active,Dynamic,Trekking
Fiat,Regatta,85 Base,85 Full,S,Sc
Fiat,Siena,Attractive,El,Elx,Elx Active,Essence,Ex,Fire,Fire Lujo,Hl,Hlx,Hlx Active,S,Way
Fiat,Stilo,Active,Confort,Connect
Fiat,Strada,Adventure,Aventura,Endurance,Freedom,Lx,Resistencia,Top,Trekking,Volcano,Working
Fiat,Tempra,Ie,Plata
Fiat,Tipo,Easy,Pop,Sp,Suite,Sx,Sx Ie
Fiat,Toro,Black Jack,Freedom,Volcano
Fiat,Uno,Attraction Top,Attractive,Cl,Confort,Cs,Evo Cargo,Fire,Premio,R,S,S Top,Scr,Sd,Sl,Smart,Sporting,Start,Sx,Way
Fiat,Uno 3P,Sl
Fiat,Uno Cargo,Fire,Sl
Ford,Bronco,Badlands,Wildtrak
Ford,Bronco Sport,Badlands,Big Bend,Wildtrak
Ford,Ecosport,Freestyle,My10 Xls,S,Se,Titanium,Xl,Xls,Xls Mp3,Xlt
Ford,Escape,Xls,Xlt
Ford,Escort,Black,Clx,Ghia,Gl,Glx,Let,Lx,Rs,Si,Xr3
Ford,Explorer,Xlt
Ford,F-100,Std,Super Duty,V8,Xl,Xlt
Ford,F-150,Lariat Luxury,Std,Xl,Xlt
Ford,F-250,D,D Xlt,Std
Ford,Fairlane,Elite,Ltd 6 Cilindros,Ltd 8 Cilindros
Ford,Falcon,Deluxe,Ghia,Ghia Full 4ct,Ghia Sp,Gl,Lujo Ghia 3v,Sprint,Standard
Ford,Falcon Rural,Ghia Full,Std
Ford,Fiesta,Ambiente,Cl,Clx,Edge,Energy,Fresh,Lx,S
Ford,Fiesta Kinetic,Ambiente,Edge,S,Se,Titanium,Trend
Ford,Fiesta Kinetic Design,Edge,S,Se,Titanium,Trend
Ford,Fiesta Max,Ambiente,Clx,Edge,Energy
Ford,Focus,Ambiente,Clx,Edge,Ghia,Lx,Trend
Ford,Focus 2,Exe,Ghia,Style,Trend
Ford,Focus II,Exe,Ghia,Se,Style,Titanium,Trend
Ford,Focus III,S,Se,Titanium,Trend
Ford,Galaxy,Ghia,Gl,Gli
Ford,Ka,Action,Ambiente,Confort,Energy,Fly,Fly Plus,Freestyle,Freestyle Se,Freestyle Sel At,Freestyle Sel Mt,Plus,Pulse,Revolution,S,Se,Sel,Tattoo,Techno,Viral
Ford,Ka+,S,Se,Sel
Ford,Kuga,Platinum,Se,Sel,Titanium,Trend
Ford,Maverick,Lariat,Xlt
Ford,Everest,Titanium
Ford,Mondeo,Clx,Ghia,Se,Sel,St,Titanium,Vignale
Ford,Mustang,Gt
Ford,Orion,Ghia,Gl,Gli,Glxi
Ford,Ranchero,Std
Ford,Ranger,Black,Black Edition,F-truck,Limited,Limited Plus,Super Duty,Xl,Xls,Xlt
Ford,Ranger Raptor,Raptor
Ford,S-Max,Titanium,Trend
Ford,Sierra,Ghia,Gl,Gl Full,L,Lx
Ford,Sierra Coupe,Xr4
Ford,Taunus,Ghia,Ghia S,L
Ford,Taunus Coupe,Gt
Ford,Territory,Sel,Titanium
Foton,Tm1,Box
Geely,Emgrand Gs,Gs,Gsp
Geely,Emgrand X7 Sport,Gl,Gs,Gt
Geely,Lc,Gb,Gl
GWM,Poer,Elite,Super Luxury
Honda,Accord,Advanced,Ex,Ex-l,Exr,Exrl,Lx,Lxa
Honda,City,Ex-l,Lx
Honda,Civic,Advanced,Ex,Ex-l,Ex-t,Exs,Lsi,Lx,Lxs,Si
Honda,Civic Hatch,Ex,Si
Honda,CR-V,Active,Advanced,Ex,Ex-l,I,Lx,Si
Honda,Fit,Ex,Ex-l,Lx,Lxl
Honda,HR-V,Ex,Ex-l,Lx,Style
Honda,Odyssey,Ex
Honda,Passport,Ex
Honda,Prelude,Vti
Honda,WR-V,Ex,Ex-l
Hyundai,Accent,Gls
Hyundai,Atos,Gl,Gls
Hyundai,Creta,Gl,Gl Connect,Safety,Style
Hyundai,Elantra,Gl,Gls
Hyundai,Galloper,Exd,Xl
Hyundai,Grand i10,Gls
Hyundai,Grand Santa Fe,Premium
Hyundai,H-1 Van,Hsv
Hyundai,H1,Premium
Hyundai,H100,Gls,Spr,Top
Hyundai,HB20,Comfort Plus
Hyundai,HB20S,Comfort Plus
Hyundai,i10,Gls
Hyundai,i30,Gls,Gls Premium
Hyundai,Kona,Safety,Style,Ultimate
Hyundai,Santa Fe,Chapelco,Gls,Gls Premium,Premium
Hyundai,Staria,Safety,Ultimate
Hyundai,Terracan,Gl
Hyundai,Tucson,Gl,Gls,Gls Premium,Premium,Safety,Style,Ultimate
Isuzu,D-max,Ls
Isuzu,Rodeo,Ls,Xs
Isuzu,Trooper,Ls,Scout
JAC,Js4,Luxury
JAC,S2,Intelligent,Luxury
JAC,S5,Intelligent
JAC,S8 Pro,Luxury
JAC,T6,Luxury
JAC,T8,Intelligent
Jaguar,F-pace,Prestige,Sc
Jaguar,S-type,H,Se
Jaguar,Xe,Prestige,Pure,S,Se
Jaguar,Xf,R
Jeep,Cherokee,Classic,Laredo,Limited,Se,Sport,Trailhawk
Jeep,Commander,Limited,Overland
Jeep,Compass,Limited,Limited Plus,Longitude,Longitude Plus,Sport,Trailhawk
Jeep,Gladiator,Overland,Rubicon
Jeep,Grand Cherokee,Laredo,Limited,Overland,Srt
Jeep,Rampage,Trailhawk
Jeep,Renegade,Autos y Camionetas,Longitude,Sport,Sport Plus,Sport Wild,Trailhawk
Jeep,Wrangler,Hard Top,Rubicon,Sport,Unlimited,Unlimited Rubicon,Unlimited Sahara
Jetour,X70,Luxury
Kia,Carens,Ls,Lx,Rs
Kia,Carnival,Ex,Ex Premium,Gs,Ls,Sx
Kia,Cerato,Elegance,Elx,Ex,Lx,Sx,Sx Plus
Kia,Picanto,Ex
Kia,Pride,Pop
Kia,Rio,Ex,Sx
Kia,Seltos,Ex,Lx
Kia,Sorento,Ex,Ex Full,Ex Premium,Exclusive
Kia,Soul,Classic,Ex,Ex Full,Ex Premium,Full,Pop,Rock
Kia,Sportage,Ex,Ex Gt-line,Ex Premium,X-line
Land Rover,Defender,Edicion Especial,Hard Top,Soft Top,Special Edition
Land Rover,Discovery,Es,Hse,Sd,Sport
Land Rover,Evoque,Dynamic,Hse,Prestige,Pure,Se,Se R-dynamic
Land Rover,Freelander,Hse,S,Se,Xedi,Xei
Land Rover,Freelander 2,Hse,Se
Land Rover,Range Rover,Hse,Se,Sport,Vogue
Land Rover,Range Rover Sport,Autobiography,Dynamic Hse,Hse,Sc,Sobrealimentado
Lexus,GS,Luxury,Sport
Lexus,IS,Luxury,Sport
Lexus,NX,Luxury,Sport
Lexus,RC,Sport
Lexus,RX,Luxury,Sport
Lexus,UX,Luxury
Mazda,323,Glx
Mazda,323F,Glx
Mazda,626,Glx
Mazda,MPV,Glx
Mazda,Pick-Up,B 2200,Drifter,Dx
Mercedes-Benz,Clase A,Amg,Avantgarde,Classic,Elegance Plus,Luxury,Progressive,Sport,Style,Urban
Mercedes-Benz,Clase B,Amg,Avantgarde,City,Edition,Edition 2014,Luxury,Plus,Progressive,Sport,Style,Urban
Mercedes-Benz,Clase C,Amg,Amg-line,Avantgarde,Avantgarde Fl,Avantgarde Plus,City,Classic,Elegance,Elegance Plus,Sport,Sport Plus,Sportcoupe,Style,Urban
Mercedes-Benz,Clase CLA,Amg,Progressive,Sport,Urban
Mercedes-Benz,Clase CLC,Sportcoupe
Mercedes-Benz,Clase CLK,Avantgarde,Elegance,Elegance Plus,Sport
Mercedes-Benz,Clase E,All Terrain,Amg,Amg-line,Avantgarde,Elegance,Elegance Plus,Sport
Mercedes-Benz,Clase GLA,Amg,Amg-line,Progressive,Sport,Urban
Mercedes-Benz,Clase GLB,Advance,Progressive
Mercedes-Benz,Clase GLC,Amg,Amg-line,Offroad
Mercedes-Benz,Clase GLE,Amg,Amg-line,Sport
Mercedes-Benz,Clase GLK,City,Sport
Mercedes-Benz,Clase ML,Amg,Luxury,Sport
Mercedes-Benz,CLK,Avantgarde,Elegance,Elegance Plus,Sport
Mercedes-Benz,GLA,Urban
Mercedes-Benz,GLC,Amg-line,Offroad
Mercedes-Benz,GLE,Amg,Sport
Mercedes-Benz,GTR,Amg
Mercedes-Benz,GTS,Amg
Mercedes-Benz,ML,Luxury,Sport
Mercedes-Benz,Sprinter,Black,V2
Mercedes-Benz,Viano,Ambiente,Trend
Mercedes-Benz,Vito,V2
MG,MG 3,Luxury
Mini,Cooper,Chili,Pepper,Rover
Mini,Cooper Countryman,Chili,One,Pepper
Mini,Cooper S,Chili,Classic,Pepper
Mini,Countryman,Classic
Mitsubishi,Colt,Glx,Glxi,Gti
Mitsubishi,Eclipse,Gs,Gs-t,Gsx T
Mitsubishi,Galant,Super Saloon
Mitsubishi,L200,Advance,Deportivo Hpe,Gl,Gls,Gls Full,Glx,Triton
Mitsubishi,Lancer,Evo Iv / V,Evo Vi R-s2 Calle,Gls,Glx,Glxi,Gt,Gti
Mitsubishi,Montero,Gls,Gls Metal Top,Glx,Metal Top
Mitsubishi,Nativa,Glx,Ls
Mitsubishi,Outlander,Gls,Glx
Mitsubishi,Space Wagon,Glx
Nissan,Frontier,Advance,Attack,Exclusiva,Le,Luxury,Platinum,Pro 4x,S,Se,X-gear,Xe
Nissan,Kicks,Advance,Advance Ucl,Edicion Especial,Exclusive,Exclusive Bt,Platinum,Special Edition
Nissan,Leaf,Exclusive
Nissan,March,Acenta,Active,Advance,Sr,Visia
Nissan,Murano,Exclusive
Nissan,Note,Advance,Exclusive,Sr
Nissan,NP300,Le,Se,Xe
Nissan,Pathfinder,Le,Se,Se Luxury,Se Wide,Se Wide Luxury
Nissan,Pick Up,Dx,Lx
Nissan,Sentra,Acenta,Advance,Exclusive,Gxe,Sr,Tekna
Nissan,Teana,Xv
Nissan,Tiida,Acenta,Tekna,Visia
Nissan,Versa,Acenta,Advance,Exclusive,Sr,Visia
Nissan,X-Terra,Se
Nissan,X-Trail,Acenta,Advance,Exclusive,Tekna,Visia
Peugeot,106,Max,Quiksilver,Xn,Xnd,Xr
Peugeot,2008,Active,Allure,Allure Pack,Crossway,Feline,Gt,In Concert,Sport
Peugeot,205,Cj,Cti,Gl,Gld,Gld Junior,Glijunior,Gr,Gti,Roland Garros,Sx,Xs
Peugeot,206,Active,Allure,Escapade,Generation,Gti,Live,Live! 2,Premium,Quicksilver,Quiksilver,Rallye,Rwc,X,X-design,X-line,Xe,Xn,Xr,Xr Confort,Xr Creamfield,Xr Premium,Xr Presence,Xrd Confort,Xrd Creamfield,Xrd Premium,Xs,Xs Premium,Xs Typage,Xt,Xt Premium
Peugeot,207,Active,Allure,Feline,Griffe,Gti,Quicksilver,Quiksilver,Rc,Xr,Xs,Xt,Xt Premium
Peugeot,207 Compact,Active,Allure,Feline,Gti,Quicksilver,Quiksilver,Xr,Xs,Xt,Xt Premium
Peugeot,208,Active,Allure,Allure Pack,Allure Plus,Feline,Gt,Gt Line,Gti,In Concert,Like,Like Pack,Style,Urban Tech,Xy
Peugeot,3008,Allure,Feline,Gt,Gt Line,Gt-line,Premium,Premium Plus,Roland Garros
Peugeot,301,Allure,Allure Plus
Peugeot,306,Boreal,Equinoxe,Rally,Sl,Soleil,Sr,Srd,St,Style,Test Match,Test Mch,Xn,Xnd,Xr,Xr Roland Garros,Xs,Xt
Peugeot,307,La Dolfina,Live,Premium,Roland Garros,Test Match,Xr,Xs,Xs Premium,Xt,Xt Premium
Peugeot,308,Active,Allure,Allure Pack,Allure Plus,Feline,Gti,Roland Garros,S Gti,S Gti Franche,Sport
Peugeot,4008,Allure,Feline
Peugeot,405,Embassy,Gl,Gld,Gli,Gr,Grd,Grdt,Signature,Sr,Srd,Sri,Sti,Style
Peugeot,406,St,Sv,Sv/st Confort,Svdt/st Confort,Xs Premium,Xt Premium
Peugeot,407,Ejecutivo,Sr Sport,St,St Sport,Sv Sport
Peugeot,408,Active,Allure,Allure Pack,Allure Plus,Feline,Sport
Peugeot,5008,Allure,Allure Plus,Feline
Peugeot,504,Gd,Gr,Grd,Sl,Sr Ii,Srd Ii,Srx,Xs,Xsd
Peugeot,505,Sr Gamma,Srd,Sri,St
Peugeot,508,Allure,Feline,Gt
Peugeot,806,Sr,St
Peugeot,807,Sr,St
Peugeot,Boxer,Confort,L3h2,Premium
Peugeot,Expert,Confort,Premium,Tepee Business
Peugeot,Hoggar,Escapade,Xs
Peugeot,Partner,Confort,Maxi,Maxi Pack,Presence
Peugeot,Partner Patagónica,Confort,Plus
Peugeot,Partner Urbana,Confort
Porsche,718 Cayman,S
Porsche,911,Carrera 2,Carrera 4,Carrera 4 Gts,Carrera 4s,Carrera S,Gt3,Turbo
Porsche,Cayenne Turbo,Turbo
Porsche,Macan,Gts,S
RAM,1500,Laramie
RAM,2500,Laramie
RAM,Rampage,Laramie,R/t
Renault,Alaskan,Confort,Emotion,Forastero,Iconic,Intens,Outsider
Renault,Captur,[Bose],Intens,Life,Zen
Renault,Clio,Authentique,Base,Campus,Confort,Dynamique,Expression,Fairway,Get Up,Infinit,Mtv,Pack,Pack Plus,Privilege,Rl,Rn,Rnd,Rsi,Rt,Rtd,Sony,Sport,Sportway,Work
Renault,Clio Mío,Confort,Work
Renault,Duster,Comfort Plus,Confort,Dakar,Dynamique,Expression,Iconic,Intens,Los Pumas,Privilege,Tech Road
Renault,Duster Oroch,Dynamique,Forastero,Outsider,Privilege
Renault,Express,Rl,Rn
Renault,Fluence,Confort,Dynamique,Gt,Privilege,Sport
Renault,Fuego,Gta
Renault,Grand Scénic,Privilege
Renault,Kangoo,Authentique,Authentique Plus,Campus,Confort,Dynamique/expresion,Emotion,Intens,Life,Maxi,Montagne,Pack,Profesional,Rn,Rnd,Sportway,Stepway,Zen
Renault,Kangoo Break,Confort,Rl
Renault,Koleos,Dynamique,Dynamique Plus,Expression,Intens,Privilege,Techno,Zen
Renault,Kwid,Autos y Camionetas,Forastero,Iconic,Intense,Life,Outsider,Zen
Renault,Laguna,Rxe
Renault,Laguna 2,Rt,Rxe
Renault,Laguna II,Privilege
Renault,Laguna Nevada,R/t
Renault,Latitude,Dynamique,Privilege
Renault,Logan,Authentique,Avantage,Base,Confort,Expression,Intense,Life,Pack,Pack I,Pack Ii,Pack Plus,Privilege,Zen
Renault,Megane,Exception,Expression,Fairway,Pack,Pack Plus,Rt,Rxe
Renault,Megane 2,Allyum,Authentique,Expression,Fairway,Pack,Pack Plus,Plus,Privilege,Rn,Rt,Rxe,Sportway,Unique
Renault,Mégane II,Black,Comfort Plus,Confort,Confort Plus,Dynamique,Expression,Privilege,Rxe Privilege
Renault,Mégane III,Privilege,Rs
Renault,Oroch,Emotion,Forastero,Iconic,Outsider
Renault,R9,Gtl,Losange,Rl,Rn,Ts,Txe
Renault,R11,Gtl,Rl,Ts,Txe
Renault,R12,Gtl,L,Tl
Renault,R18,Ts
Renault,R19,Re,Rl,Rn,Rs,Rsi,Rt,Txe
Renault,R21,Txe,Txi
Renault,R21 Nevada,Rn,Txe
Renault,Sandero,Authentique,Confort,Dynamique,Expression,Get Up,Gt,Gt Line,Intens,Intense,Life,Pack,Pack Plus,Privilege,Rs,Tech Run,Zen
Renault,Sandero Stepway,Authentique,Confort,Dynamique,Expression,Intense,Privilege,Rip Curl,Serie Limitada,Tweed,Zen
Renault,Scénic,Allyum,Authentique,Comfort,Confort,Expression,Fairway,Privilege,Rt,Rxe,Sportway
Renault,Scenic2,Authentique,Campus,Confort,Expression,Privilege,Rec I,Rt,Rxe
Renault,Stepway,Confort,Intens,Intense,Privilege,Zen
Renault,Symbol,Authentique,Confort,Connection,Expression,Pack
Renault,Twingo,Authentique,Expression,Privilege
Rover,216,Gsi,Si,Sli
Rover,420,Di,Sli
Rover,620,Gsi Luxe,Si
Saab,900,Se
Saab,9000,Cse,Cset
Seat,Ibiza,Fr,Reference,Se,Sport,Style
Seat,Leon,Cupra,Dsg,Fr,Freetrackt,Mpi,Reference,Style,T
Smart,Forfour,City,Passion,Play
Smart,Fortwo,City,Passion,Play,Sharpred,Sharpred Edition
Ssangyong,Korando,Familia
Ssangyong,Musso,El,Il,Seguridad
Subaru,Forester,Dynamic,Dynamic Eyesight,Limited,Limited Sport Eyesight,Sport,X,Xs,Xt
Subaru,Impreza,Dynamic,Eyesight,Gl,Gt,Gx,Lx,R,Sti,Wrx,Xs
Subaru,Legacy,Gt,Limited,R Ua,Xv
Subaru,Outback,Limited,R,Un,Xs,Xv
Subaru,WRX,Es
Subaru,Xv,Dynamic,Limited,R
Suzuki,Baleno,Glx,Gs
Suzuki,Grand Vitara,Jiii,Jlx,Jlx-l,Xl-7
Suzuki,Jimny,Gl,Glx,Jlx,Track
Suzuki,Marutti,Gypsy
Suzuki,Swift,Edicion Limitada,Gl,Glx
Suzuki,Vitara,Gl,Glx,Jlx,Sport
Toyota,4Runner,L,Sl
Toyota,86,Ft,Gr,Gt
Toyota,Celica,Americana,Lift
Toyota,Corolla,Dx,Gli,Gr-sport,Grs,Se-g,Seg,Xei,Xli,Xrs
Toyota,Corolla Cross,Gr-sport,Grs,Seg,Xei,Xli
Toyota,Corona,Gl,Gli
Toyota,Crown,Platinum
Toyota,Etios,Cross,Platinum,X,Xls,Xs
Toyota,Fielder,Xei
Toyota,Hilux,Cover Dx,Dlx,Dx,Gr-s,Sport,Sr,Sr5,Srv,Srv Cuero,Srx
Toyota,Hilux Pick-Up,Conquest,Cover,Cover Dx,Dlx,Dx,Gr-s,Gr-Sport,Limited,Sr,Sr5,Srv,Srv Cuero,Srv Limited,Srx
Toyota,Hilux SW4,Diamond,Gr-s,Runner,Sr,Srv,Srx,Wide Body
Toyota,Innova,Sr,Srv
Toyota,Land Cruiser,Prado,Sw,Txl,Vx
Toyota,Land Cruiser Prado,Vx
Toyota,RAV4,Vx
Toyota,SW4,Diamond,Gr-s,Runner,Sr,Srv,Srx,Wide Body
Toyota,Yaris,Gr,S,Xl,Xls,Xls Pack,Xs
Volkswagen,Amarok,Black,Comfortline,Dark Label,Extreme,Extreme Black Style,Hero,Highline,Highline Black,Starline,Startline,Trendline,Ultimate,Ultime
Volkswagen,Beetle,Sport
Volkswagen,Bora,Comfortline,Highline,Trendline
Volkswagen,CC,Advance,Exclusive,Highline,Luxury
Volkswagen,Crossfox,Comfortline,Highline,Pack,Trendline
Volkswagen,Fox,Comfortline,Connect,Highline,Pepper,Route,Sportline,Track,Trendline
Volkswagen,Gacel,Gl,Gld,Gls,Gts
Volkswagen,Gol,Comfortline,Confortline,Deejay,Dublin,Format,Gl,Gld,Gli,Lamy,Look,Plus,Power,Sd,Trendline
Volkswagen,Gol Country,Comfortline,Format,Full,Power,Power Plus,Sx,Trendline
Volkswagen,Gol Trend,Comfortline,Connect,Cup,Highline,Pack I,Pack I Plus,Pack Ii,Pack Iii,Serie,Sportline,Trendline
Volkswagen,Golf,Advance,Comfortline,Conceptline,Format,Gti,Gti Highline,Highline,Trendline
Volkswagen,Golf Variant,Comfortline,Highline,Trendline
Volkswagen,New Beetle,Advance,Luxury,Sport
Volkswagen,Nivus,Comfortline,Hero,Highline,Trendline
Volkswagen,Passat,Advance,Confort,Exclusive,Highline,Luxury,R-line,Trendline
Volkswagen,Passat CC,Advance,Highline,Luxury,R-line
Volkswagen,Passat Variant,Advance,Elegance,Exclusive,Exclusiv,Luxury,Trendline
Volkswagen,Pointer,Cli,Gli,Gti
Volkswagen,Polo,Comfort Plus,Comfortline,Gts,Highline,Track,Trendline
Volkswagen,Polo Classic,Comfortline,Format,Highline,Sport,Trendline
Volkswagen,Saveiro,Base,Comercial,Comfortline,Cross,Extreme,Format,Gl,High,Limited,Pack,Power,Safety,Trendline
Volkswagen,Sharan,Comfortline,Highline,Trendline
Volkswagen,Suran,Comfortline,Freedom,Highline,Limited,Sportline,Style,Track,Trendline
Volkswagen,Suran Cross,Highline
Volkswagen,T-Cross,Comfortline,Extreme,Highline,Trendline,Tsi
Volkswagen,Taos,Comfortline,Hero,Highline
Volkswagen,Tera,Comfortline,Confort,High,Highline,Trend
Volkswagen,The Beetle,Design,Sport
Volkswagen,Tiguan,Elegance,Exclusive,Life,Premium,R-line,Sport
Volkswagen,Tiguan Allspace,Comfortline,Highline,Life,Trendline
Volkswagen,Touareg,Elegance,Life,Premium,R5,Style
Volkswagen,Transporter,Comfortline
Volkswagen,Up!,Black,Cross,High,Move,Pepper,Take,White
Volkswagen,Vento,Advance,Comfortline,Confort,Elegance,Gli,Highline,Luxury,Sportline
Volkswagen,Vento Variant,Advance,Confort
Volkswagen,Virtus,Comfortline,Exclusive,Gts,Highline,Trendline
Volkswagen,Voyage,Advance,Comfortline,Comfortline Plus,Conceptline,Format,Highline,Serie,Trendline
Volvo,850,Glt
Volvo,C30,P3,Pack Plus,Pack Premium
Volvo,S40,Confort,High,Pack Plus,Pack Premium,Se
Volvo,S60,High,High Plus,Luxury,Premium,R,R-design
Volvo,V40,High,High Luxury,Luxury,Momentum,R-design,Se
Volvo,V50,Pack Plus,Pack Premium
Volvo,XC40,Inscription,Kinetic,Momentum,Plus,R-design,Ultimate
Volvo,XC60,Comfort,Confort,High,High Plus,Luxury,Momentum,Plus,R-design
Volvo,XC90,Inscription,Luxury,Momentum,Plus,R-design
