Marca,Modelo,Versiones...
Volkswagen,Amarok,Black,Comfortline,Dark Label,Extreme,Extreme Black Style,Hero,Highline,Highline Black,Starline,Startline,Trendline,Ultimate,Ultime
Volkswagen,Beetle,Sport
Volkswagen,Bora,Comfortline,Highline,Trendline
Volkswagen,CC,Advance,Exclusive,Highline,Luxury
Volkswagen,Crossfox,Comfortline,Highline,Pack,Trendline
Volkswagen,Fox,Comfortline,Connect,Highline,Pepper,Route,Sportline,Track,Trendline
Volkswagen,Gacel,Gl,Gls,Gld,Gts
Volkswagen,Gol,Comfortline,Confortline,Deejay,Dublin,Format,Gl,Gld,Gli,Lamy,Look,Plus,Power,Sd,Trendline
Volkswagen,Gol Country,Comfortline,Format,Full,Power,Sx,Trendline,Power Plus
Volkswagen,Gol Trend,Comfortline,Connect,Cup,Highline,Pack I,Pack I Plus,Pack Ii,Pack Iii,Serie,Sportline,Trendline
Volkswagen,Golf Variant,Comfortline,Highline,Trendline
Volkswagen,Golf,Advance,Comfortline,Conceptline,Format,Gti,Gti Highline,Highline,Trendline
Volkswagen,New Beetle,Advance,Luxury,Sport
Volkswagen,Nivus,Comfortline,Hero,Highline,Trendline
Volkswagen,Passat,Advance,Confort,Exclusive,Highline,Luxury,R-line,Trendline
Volkswagen,Passat CC,Advance,Highline,Luxury,R-line
Volkswagen,Passat Variant,Advance,Elegance,Exclusive,Luxury,Trendline
Volkswagen,Pointer,Cli,Gli,Gti
Volkswagen,Polo,Comfort Plus,Comfortline,Gts,Highline,Track,Trendline
Volkswagen,Polo Classic,Comfortline,Format,Highline,Trendline,Sport
Volkswagen,Saveiro,Base,Comercial,Comfortline,Cross,Extreme,Format,Gl,High,Limited,Pack,Power,Safety,Trendline
Volkswagen,Sharan,Comfortline,Highline,Trendline
Volkswagen,Suran,Comfortline,Highline,Limited,Sportline,Style,Track,Trendline,Freedom
Volkswagen,Suran Cross,Highline
Volkswagen,T-Cross,Comfortline,Highline,Trendline,Tsi,Extreme
Volkswagen,Taos,Comfortline,Hero,Highline
Volkswagen,The Beetle,Design,Sport
Volkswagen,Tiguan,Elegance,Exclusive,Premium,Sport,Life,R-line
Volkswagen,Tiguan Allspace,Comfortline,Highline,Life,Trendline
Volkswagen,Touareg,Elegance,Life,Premium,R5,Style
Volkswagen,Transporter,Comfortline
Volkswagen,Up!,Black,Cross,High,Move,Pepper,Take,White
Volkswagen,Vento,Advance,Comfortline,Elegance,Gli,Highline,Luxury,Sportline,Confort
Volkswagen,Vento Variant,Advance,Confort
Volkswagen,Virtus,Comfortline,Exclusive,Gts,Highline,Trendline
Volkswagen,Voyage,Advance,Comfortline,Conceptline,Format,Highline,Serie,Trendline,Comfortline Plus
Volkswagen,Tera,Comfortline,Confort,High,Highline,Trend
Ford,Bronco,Wildtrak,Badlands
Ford,Bronco Sport,Badlands,Big Bend,Wildtrak
Ford,Ecosport,Freestyle,My10 Xls,S,Se,Titanium,Xl,Xls,Xls Mp3,Xlt
Ford,Escape,Xls,Xlt
Ford,Escort,Black,Clx,Ghia,Gl,Let,Lx,Rs,Si,Xr3,Glx
Ford,Explorer,Xlt
Ford,F-100,Std,Super Duty,V8,Xl,Xlt
Ford,F-150,Lariat Luxury,Std,Xl,Xlt
Ford,F-250,D,d xlt,Std
Ford,Fairlane,Ltd 6 Cilindros,Ltd 8 Cilindros,Elite
Ford,Falcon,Deluxe,Ghia,ghia full 4ct,ghia sp,Gl,lujo ghia 3v,Sprint,Standard
Ford,Fiesta,Ambiente,Cl,Clx,Edge,Energy,Fresh,Lx,S
Ford,Fiesta Kinetic,Ambiente,Edge,S,Se,Titanium,Trend
Ford,Fiesta Kinetic Design,Edge,S,Se,Titanium,Trend
Ford,Fiesta Max,Ambiente,Edge,Energy,Clx
Ford,Focus,Ambiente,Clx,Edge,Ghia,Lx,Trend
Ford,Focus 2,Exe,Ghia,Style,Trend
Ford,Focus II,Exe,Ghia,Se,Style,Titanium,Trend
Ford,Focus III,S,Se,Titanium,Trend
Ford,Galaxy,Ghia,Gl,Gli
Ford,Ka,Action,Ambiente,Confort,Fly,Fly Plus,Freestyle,Freestyle Se,Freestyle Sel At,Freestyle Sel Mt,Plus,Pulse,S,Se,Sel,Tattoo,Viral,Energy,Revolution,Techno
Ford,Ka+,S,Se,Sel
Ford,Kuga,Se,Sel,Titanium,Trend,Platinum
Ford,Maverick,Lariat,Xlt
Ford,Mondeo,Clx,Ghia,Se,Sel,St,Titanium,Vignale
Ford,Mustang,Gt
Ford,Orion,Gl,Gli,Glxi,Ghia
Ford,Ranchero,Std
Ford,Ranger,Black,Black Edition,F-truck,Limited,Super Duty,Xl,Xls,Xlt,Limited Plus
Ford,Ranger Raptor,Raptor
Ford,S-Max,Titanium,Trend
Ford,Sierra,Ghia,Gl,Gl Full,L,Lx
Ford,Sierra Coupe,Xr4
Ford,Taunus,Ghia,ghia s,L
Ford,Taunus Coupe,Gt
Ford,Territory,Sel,Titanium
Ford,Everest,Titanium
Ford,Falcon Rural,ghia full,Std
Fiat,128,europa cl5,Se,se tr full, berlina
Fiat,128 Familiar,Se
Fiat,147,cl5,Gl,sorpasso,Tr,Vivace
Fiat,147 Spazio,Cl,Tr,Vivace
Fiat,500C,By Gucci,Fire,Lounge
Fiat,500,Abarth,By Gucci,Cult,Lounge,Sport,Fire
Fiat,500L,Pop Star
Fiat,500X,Cross,Pop
Fiat,Argo,Hgt,Precision,Drive
Fiat,Bravo,Dynamic,Sport,Hgt
Fiat,Cronos,Drive,Like,Precision,Stile
Fiat,Doblo,Active
Fiat,Duna,Cl,Confort,Cs,S,Scr,Sd,Sdl,Sdr,Sdv,Sl,Sx,Sxd
Fiat,Fiorino,Endurance,Evo,Fire,Pack Top
Fiat,Idea,Active,Adventure,Attractive,Elx,Essence,High Tech,Hlx,Sporting
Fiat,Linea,Absolute,Essence
Fiat,Grand Siena,Attractive,Essence
Fiat,Mobi,Easy,Trekking,Way
Fiat,Palio,Adventure,Adventure Locker,Attractive,Confort,El,Elx,Elx Active,Elx Lujo,Essence,Essence Active,Ex,Fire,Hl,Hlx,Hlx Active,R,S,Sporting,Sx,Sx Young,Top,Trekking,Way
Fiat,Pulse,Abarth,Drive
Fiat,Regatta,85 full,S,Sc
Fiat,Punto,Attractive,Blackmotion,Elx,Elx Top,Essence,Hlx,Sporting
Fiat,Qubo,Active,Dynamic,Trekking
Fiat,Stilo,Active,Confort,Connect
Fiat,Siena,Attractive,El,Elx,Elx Active,Essence,Ex,Fire,Hl,Hlx,Hlx Active,S,Way
Fiat,Strada,Adventure,Endurance,Freedom,Lx,Top,Trekking,Volcano,Working
Fiat,Tipo,Easy,Pop,Sx,Sx Ie
Fiat,Toro,Black Jack,Freedom,Volcano
Fiat,Uno,Attraction Top,Attractive,Cl,Confort,Cs,Evo Cargo,Fire,Premio,R,S,S Top,Scr,Sd,Sl,Sporting,Start,Sx,Way
Fiat,Uno 3P,Sl
Fiat,Ducato,Economy,L4h2
Fiat,Duna Weekend,Csl,Scr,Se
Fiat,FASTBACK,Abarth,Ltz
Chevrolet,Astra,Cd,Gl,Gls,Gsi
Chevrolet,Aveo,Lt
Chevrolet,Aveo G3,Ls,Lt
Chevrolet,Agile,Effect,Ls,Ls Spirit,Lt,Lt Spirit,Ltz
Chevrolet,Blazer,Dlx,Executive,Tahoe Lt
Chevrolet,Camaro,Ss
Chevrolet,Captiva,Ls,Lt,Ltz
Chevrolet,Celta,Avantage,Ls,Lt
Chevrolet,Cobalt,Lt,Ltz
Chevrolet,Classic,Cargo,Ls,Ls Pack,Lt,Lt Pack,Lt Spirit
Chevrolet,Corsa,Cd,City,Gl,Gls,Life,Se,Super,Wind
Chevrolet,Corsa Classic,Allure,Gl,Ls Pack,Se,Wind
Chevrolet,Corsa II,Gl
Chevrolet,Corsa Wagon,Gl
Chevrolet,D-20,Custom,Deluxe
Chevrolet,Cruze,Lt,Ltz,Midnight,Rs
Chevrolet,Cruze 5,Lt,Ltz,Rs
Chevrolet,Cruze II,Expression,Lt,Ltz
Chevrolet,Equinox,Lt
Chevrolet,Grand Blazer,Dlx
Chevrolet,Joy Plus,Base,Black Edition
Chevrolet,Meriva,Gl,Gls
Chevrolet,Onix plus,Black Edition,Lt,Ltz,Tech Onstar
Chevrolet,Onix,Activ,Base,Black Edition,Effect,Joy,Ls,Lt,Lt Tech,Lt Tech Onstar,Ltz,Rs
Chevrolet,Montana,Ls,Lt,Ltz,Rs,Sport
Chevrolet,S-10,High Country,Ls,Lt,Ltz,Z71
Chevrolet,Prisma,Joy,Ls,Lt,Ltz
Chevrolet,Silverado,Dlx,High Country
Chevrolet,S10,Cs,Dlx,High Country,L,Le,Ls,Lt,Ltz,Midnight,Plus,Z71
Chevrolet,Spark,Ls,Lt
Chevrolet,Sonic,Lt,Ltz,Ltz Effect
Chevrolet,Trailblazer,High Country,Lt,Ltz
Chevrolet,Vectra,Cd,Gl,Gls,Gt
Chevrolet,Spin,Activ,Lt,Ltz
Chevrolet,Tracker,Lt,Ltz,Rs
Chevrolet,Zafira,Gl,Gls
Peugeot,106,Quiksilver,Xn,Xr
Peugeot,205,Cj,Cti,Gl,Gld,Gld Junior,Glijunior,Gr,Gti,Xs
Peugeot,2008,Active,Allure,Allure Pack,Crossway,Feline,Gt,In Concert,Sport
Peugeot,207 Compact,Active,Xt
Peugeot,206,Active,Allure,Generation,Gti,Live,Live! 2,Premium,Quicksilver,Quiksilver,Rallye,Rwc,X,X-design,X-line,Xe,Xn,Xr,Xr Confort,Xr Premium,Xr Presence,Xrd Confort,Xrd Creamfield,Xrd Premium,Xs,Xs Premium,Xt,Xt Premium
Peugeot,207,Active,Allure,Feline,Griffe,Gti,Quicksilver,Quiksilver,Rc,Xr,Xs,Xt,Xt Premium
Peugeot,301,Allure
Peugeot,208,Active,Allure,Allure Pack,Allure Plus,Feline,Gt,Gt Line,Gti,In Concert,Like,Like Pack,Style,Urban Tech,Xy
Peugeot,3008,Allure,Feline,Gt-line,Premium,Premium Plus,Roland Garros
Peugeot,307,La Dolfina,Live,Premium,Roland Garros,Test Match,Xr,Xs,Xs Premium,Xt,Xt Premium
Peugeot,306,Boreal,Equinoxe,Rally,Soleil,Sr,Srd,St,Test Mch,Xn,Xnd,Xr,Xr Roland Garros,Xs,Xt
Peugeot,308,Active,Allure,Allure Pack,Allure Plus,Feline,Gti,Roland Garros,S Gti,S Gti Franche,Sport
Peugeot,4008,Allure,Feline
Peugeot,406,St,Sv,Sv/st Confort,Svdt/st Confort,Xs Premium
Peugeot,405,Embassy,Gl,Gld,Gr,Grdt,Signature,Sr,Srd,Sri,Style
Peugeot,407,Sr Sport,St,St Sport,Sv Sport
Peugeot,504,Gd,Gr,Grd,Sl,Sr Ii,Srd Ii,Srx,Xs,Xsd
Peugeot,5008,Allure,Allure Plus,Feline
Peugeot,505,Sr Gamma,Srd,Sri,St
Peugeot,408,Active,Allure,Allure Pack,Allure Plus,Feline,Sport
Peugeot,508,Allure,Feline,Gt
Peugeot,807,Sr,St
Peugeot,Expert,Confort,Premium,Tepee Business
Peugeot,Boxer,Confort,L3H2,Premium
Peugeot,Hoggar,Escapade,Xs
Peugeot,Partner Urbana,Confort
Peugeot,Partner,Confort,Presence
Peugeot,Partner Patagónica,Confort,Plus
Citroën,Aircross,Exclusive,Feel,Live,Shine,Sx,Tendance
Citroën,Berlingo,Bussines,Pack,Sx
Citroën,Berlingo Furgon,Am,Bussines,Pack
Citroën,Berlingo Multispace,Pack,Sx,X
Citroën,C-Elysee,Feel,Shine
Citroën,C-Elysée,Feel,Shine
Citroën,C3,Exclusive,Feel,Feel Pack,First Edition,I Sx,I X,I Xtr,Infinit,Live,Origine,Origins,Shine,Soundtrack,Start,Sx,Techno,Tendance,Urban Trail,X
Citroën,C3 Aircross,Exclusive,Feel,Feel Pack,Live,Shine,Sx,Tendance,Urban Edition
Citroën,C4,Exclusive,I X,Sx,Vts,X
Citroën,C4 Lounge,Exclusive,Feel,Live,Origine,Origins,S,Shine,Tendance
Citroën,C4 Cactus,Feel,Live,Noir,Origins,Puretech,Rip Curl,Shine
Citroën,C4 Spacetourer,Feel,Rip Curl
Citroën,C5,Confort,Dynamique,Exclusive,Sx
Citroën,C4 Picasso,Feel,Origine,Tendance
Citroën,C3 Picasso,Exclusive,L,Origine,Sx,Tendance
Citroën,C5 Aircross,Feel Pack
Citroën,DS4,Sport
Citroën,DS3,So Chic,Sport
Citroën,Grand C4 Picasso,Bva,Shine,Tendance,Thp Shine
Citroën,Mehari,Std
Citroën,Xsara,Sx,Vts
Citroën,Xsara Picasso,Exclusive,I
Jeep,Cherokee,Classic,Laredo,Limited,Se,Sport,Trailhawk
Jeep,Commander,Limited,Overland
Jeep,Gladiator,Overland,Rubicon
Jeep,Compass,Limited,Limited Plus,Longitude,Longitude Plus,Sport,Trailhawk
Jeep,Grand Cherokee,Laredo,Limited,Overland,Srt
Jeep,Rampage,Trailhawk
Jeep,Renegade,Longitude,Sport,Sport Wild,Trailhawk
Jeep,Wrangler,Hard Top,Rubicon,Sport,Unlimited,Unlimited Rubicon,Unlimited Sahara
Toyota,4Runner,L,Sl
Toyota,86,Ft,Gr,Gt
Toyota,Celica,Americana,Lift
Toyota,Corolla Cross,Gr-Sport,Grs,Seg,Xei,Xli
Toyota,Corolla,Dx,Gli,Gr-Sport,Grs,Se-g,Seg,Xei,Xli,Xrs
Toyota,Corona,Gli
Toyota,Crown,Platinum
Toyota,Etios,Cross,Platinum,X,Xls,Xs
Toyota,Hilux,Cover Dx,Dlx,Dx,Gr-s,Sr,Sr5,Srv,Srv Cuero,Srx
Toyota,Innova,Sr,Srv
Toyota,Land Cruiser Prado,Vx
Toyota,Hilux Pick-Up,Conquest,Cover,Cover Dx,Dlx,Dx,Gr-s,Gr-Sport,Limited,Sr,Sr5,Srv,Srv Cuero,Srv Limited,Srx
Toyota,Hilux SW4,Gr-s,Runner,Sr,Srv,Srx,Wide Body
Toyota,Land Cruiser,Prado,Sw,Txl,Vx
Toyota,RAV4,Vx
Toyota,SW4,Gr-s,Runner,Sr,Srv,Srx,Wide Body
Toyota,Yaris,Gr,S,Xl,Xls,Xls Pack,Xs
Renault,Captur,[Bose],Intens,Life,Zen
Renault,Alaskan,Confort,Emotion,Iconic,Intens,Outsider
Renault,Clio Mío,Confort,Work
Renault,Clio,Authentique,Base,Campus,Confort,Dynamique,Expression,Fairway,Get Up,Infinit,Mtv,Pack,Pack Plus,Privilege,Rl,Rn,Rnd,Rsi,Rt,Rtd,Sony,Sport,Sportway,Work
Renault,Duster,Confort,Dakar,Dynamique,Expression,Iconic,Intens,Los Pumas,Privilege,Tech Road
Renault,Duster Oroch,Dynamique,Outsider,Privilege
Renault,Express,Rl,Rn
Renault,Fluence,Confort,Dynamique,Gt,Privilege,Sport
Renault,Fuego,Gta
Renault,Grand Scénic,Privilege
Renault,Kangoo,Authentique,Campus,Confort,Dynamique/expresion,Emotion,Life,Montagne,Pack,Rnd,Sportway,Stepway,Zen
Renault,Koleos,Dynamique,Expression,Intens,Privilege,Zen
Renault,Laguna,Rxe
Renault,Laguna 2,Rt,Rxe
Renault,Kwid,Autos y camionetas,Iconic,Intense,Life,Outsider,Zen
Renault,Laguna II,Privilege
Renault,Latitude,Dynamique,Privilege
Renault,Logan,Authentique,Avantage,Base,Confort,Expression,Intense,Life,Pack,Pack I,Pack Ii,Pack Plus,Privilege,Zen
Renault,Megane,Exception,Expression,Fairway,Pack,Pack Plus,Rt,Rxe
Renault,Mégane II,Black,Confort,Confort Plus,Expression,Privilege
Renault,Megane 2,Allyum,Authentique,Expression,Fairway,Pack,Pack Plus,Rn,Rt,Rxe,Sportway,Unique
Renault,Mégane III,Privilege,Rs
Renault,Oroch,Emotion,Iconic,Outsider
Renault,R18,Ts
Renault,R11,Gtl,Rl,Ts,Txe
Renault,R12,Gtl,L,Tl
Renault,R9,Gtl,Rl,Rn,Ts,Txe
Renault,R21,Txe,Txi
Renault,R19,Re,Rl,Rn,Rs,Rt
Renault,Sandero,Authentique,Confort,Dynamique,Expression,Get Up,Gt,Gt Line,Intens,Intense,Life,Pack,Pack Plus,Privilege,Rs,Tech Run,Zen
Renault,Scenic2,Authentique,Campus,Privilege,Rt,Rxe
Renault,Sandero Stepway,Authentique,Confort,Dynamique,Expression,Intense,Privilege,Rip Curl,Serie Limitada,Tweed,Zen
Renault,Stepway,Confort,Intens,Intense,Privilege,Zen
Renault,Scénic,Authentique,Comfort,Confort,Expression,Privilege,Rt,Rxe,Sportway
Renault,Symbol,Authentique,Confort,Connection,Expression,Pack
Renault,Twingo,Authentique,Expression,Privilege
Renault,Laguna Nevada,R/T
BMW,220,Sport
BMW,320,Luxury
BMW,330,Sportline Shadow
BMW,Serie 1,Active,Executive,M Package,Mperformance,Sport,Sportive,Sportline,Urban
BMW,Serie 3,Active,Compact,Executive,Luxury,M Package,M340i,Selective,Sport,Sportive,Sportline,Sportline Shadow
BMW,Serie 2,M Package,Mpackage Lci,Mperformance,Sport,Sport Lci
BMW,Serie 5,Executive,M Package,Premium,Sportive
BMW,Serie 6,Premium,Sportive
BMW,Serie 4,Lci Msport,M Package,Sport,Sportline,Sportline Lci
BMW,Serie 7,Premium
BMW,X1,Active,Executive,Sportline,Xline
BMW,Serie M,Jahre,M3,M4,M5,Sportive
BMW,X2,Mpa,Mperformance,Msport X,Sdrive20i Msportx
BMW,X3,Executive,Mperformance,Msport X,Xline
BMW,X4,Executive,M Package,Xline
BMW,X5,Executive,M Package,Premium,Xline
BMW,X6,Extravagance,M Package,Premium,Sportive
BMW,Z3,Sportive
BMW,X7,Xline
BMW,Z3 Roadster,Sportive
BMW,Z4 Coupé,Executive,Premium
BMW,Z4 Roadster,M Package
Hyundai,Atos,Gl,Gls
Hyundai,Creta,Gl,Safety,Style
Hyundai,Elantra,Gl,Gls
Hyundai,Galloper,Exd,Xl
Hyundai,Grand i10,Gls
Hyundai,Grand Santa Fé,Premium
Hyundai,H100,Gls,Spr
Hyundai,H1,Premium
Hyundai,HB20,Comfort Plus
Hyundai,Kona,Safety,Style,Ultimate
Hyundai,I30,Gls,Gls Premium
Hyundai,i10,Gls
Hyundai,Santa Fe,Chapelco,Gls,Gls Premium,Premium
Hyundai,Staria,Safety,Ultimate
Hyundai,Terracan,Gl
Hyundai,Tucson,Gl,Gls,Gls Premium,Premium,Safety,Style,Ultimate
Nissan,Frontier,Le,Luxury,Platinum,Pro 4x,S,Se,X-gear,Xe
Nissan,Leaf,Exclusive
Nissan,Kicks,Advance,Advance Ucl,Exclusive,Exclusive Bt,Special Edition
Nissan,March,Acenta,Active,Advance,Sr,Visia
Nissan,Note,Advance,Exclusive,Sr
Nissan,Murano,Exclusive
Nissan,NP300,Le,Se,Xe
Nissan,Pathfinder,Le,Se,Se Luxury,Se Wide,Se Wide Luxury
Nissan,Teana,Xv
Nissan,Pick Up,Dx,Lx
Nissan,Sentra,Acenta,Advance,Exclusive,Gxe,Sr,Tekna
Nissan,Versa,Acenta,Advance,Exclusive,Sr,Visia
Nissan,X-Terra,Se
Nissan,Tiida,Acenta,Tekna,Visia
Nissan,X-Trail,Acenta,Exclusive,Tekna,Visia
Honda,Accord,Advanced,Ex,Ex-l,Exr,Exrl,Lxa
Honda,City,Ex-l,Lx
Honda,Civic,Advanced,Ex,Ex-l,Ex-t,Exs,Lx,Lxs,Si
Honda,Civic Hatch,Ex,Si
Honda,CR-V,Active,Advanced,Ex,Ex-l,I,Lx,Si
Honda,HR-V,Ex,Ex-l,Lx,Style
Honda,Fit,Ex,Ex-l,Lx,Lxl
Honda,Odyssey,Ex
Honda,Passport,Ex
Honda,WR-V,Ex-l
Audi,A1,Ambition,Attraction,Line
Audi,A1 Sportback,30 Tfsi,35 Tfsi,Ambition,Line
Audi,A4 Avant,Ambition,Attraction
Audi,A4,Advanced,Ambition,Attraction,Luxury,Sport
Audi,A6 Allroad,55 Mild-hybrid
Audi,Q2,Serie,Sport
Mercedes-Benz,Clase CLC,Sportcoupe
Mercedes-Benz,Clase C,Amg,Amg-line,Avantgarde,Avantgarde Fl,Avantgarde Plus,City,Classic,Elegance,Elegance Plus,Sport,Sportcoupe,Style
Mercedes-Benz,Clase CLA,Amg,Sport,Urban
Mercedes-Benz,Clase A,Amg,Classic,Elegance Plus,Luxury,Progressive,Sport,Style,Urban
Mercedes-Benz,Clase B,Avantgarde,City,Edition,Edition 2014,Luxury,Plus,Progressive,Sport,Style,Urban
Mercedes-Benz,Clase CLK,Avantgarde,Elegance,Elegance Plus,Sport
Mercedes-Benz,Clase E,All Terrain,Amg,Amg-line,Avantgarde,Elegance,Elegance Plus,Sport
Mercedes-Benz,Clase GLB,Advance,Progressive
Mercedes-Benz,Clase GLE,Amg,Amg-line,Sport
Mercedes-Benz,Clase GLC,Amg,Amg-line,Offroad
Mercedes-Benz,Clase GLA,Amg,Progressive,Sport,Urban
Mercedes-Benz,Clase GLK,City,Sport
Mercedes-Benz,Clase ML,Amg,Luxury,Sport
Mercedes-Benz,CLK,Avantgarde,Elegance
Mercedes-Benz,GLC,Amg-line,Offroad
Mercedes-Benz,GLE,Amg,Sport
Mercedes-Benz,GTR,Amg
Mercedes-Benz,ML,Luxury,Sport
Mercedes-Benz,Viano,Ambiente,Trend
Mercedes-Benz,Vito,V2
Mercedes-Benz,Sprinter,Black,V2
Mercedes-Benz,GTS,Amg
Kia,Carnival,Ex,Ex Premium,Sx
Kia,Cerato,Elegance,Ex,Sx,Sx Plus
Kia,Picanto,Ex
Kia,Rio,Ex,Sx
Kia,Seltos,Ex,Lx
Kia,Sportage,Ex,Ex Gt-line,Ex Premium,X-line
Kia,Sorento,Ex,Exclusive
Kia,Soul,Classic,Ex,Ex Premium,Full,Pop,Rock
Chery,Face,Luxury
Chery,Chery QQ,Confort,Light,Light Security
Chery,QQ,Confort,Confort Security,Light,Light Security
Chery,Tiggo,Confort,Luxury
Chery,Tiggo 2,Confort,Luxury
Chery,Tiggo 3,Confort,Luxury
Chery,Tiggo 4,Comfort
Chery,Tiggo 5,Confort,Luxury
Chery,Tiggo 4 Pro,Comfort,Luxury
Dodge,Dakota,Sport
Dodge,Journey,R/t Atx,Rt,Se,Sxt
Mini,Cooper,Chili,Pepper,Rover
Mini,Cooper S,Chili,Classic,Pepper
Mini,Cooper Countryman,Chili,Pepper
Mini,Countryman,Classic
Suzuki,Baleno,Glx,Gs
Suzuki,Grand Vitara,Jiii,Jlx,Jlx-l,Xl-7
Suzuki,Jimny,Gl,Glx,Jlx,Track
Suzuki,Marutti,Gypsy
Suzuki,Vitara,Gl,Glx,Jlx,Sport
Suzuki,Swift,Edicion Limitada,Glx
Alfa Romeo,145,Quadrifoglio,Ts
Alfa Romeo,147,Selespeed,Ts
Alfa Romeo,146,Ti,Ts
Alfa Romeo,155,Super
Alfa Romeo,33,Quadrifoglio
Alfa Romeo,164,L,Super,Ts
Alfa Romeo,166,Sportonic
Alfa Romeo,159,Distinctive,Elegante
Alfa Romeo,Giulia,Distinctive,Quadrifoglio,Veloce
Alfa Romeo,Giulietta,Distinctive,Distinctive Premium,Progression,Quadrifoglio,Sprint
Alfa Romeo,Mito,Distinctive,Junior,Premium Sport,Progression,Quadrifoglio,Sport,Veloce
Alfa Romeo,Tonale,Sprint,Veloce
Alfa Romeo,Stelvio,Distinctive Q4,Quadrifoglio,Super,Veloce
Mitsubishi,Colt,Glx,Gti
Mitsubishi,Eclipse,Gs,Gs-t,Gsx T
Mitsubishi,Galant,Super Saloon
Mitsubishi,L200,Advance,Gl,Gls,Gls Full,Triton
Mitsubishi,Lancer,Evo Iv / V,Gls,Glx,Glxi,Gt
Mitsubishi,Montero,Gls,Gls Metal Top,Glx,Metal Top
Mitsubishi,Nativa,Glx,Ls
Mitsubishi,Outlander,Gls,Glx
Volvo,850,Glt
Volvo,C30,P3,Pack Plus,Pack Premium
Volvo,V40,High Luxury,Luxury,Momentum
Volvo,V50,Pack Plus,Pack Premium
Volvo,S60,High,High Plus,Premium,R,R-design
Volvo,XC40,Momentum,R-design,Ultimate
Volvo,XC90,Inscription,Luxury,Momentum,R-design
Volvo,XC60,Comfort,High,High Plus,Luxury,Momentum
Land Rover,Defender,Hard Top,Soft Top,Special Edition
Land Rover,Discovery,Es,Hse,Sd,Sport
Land Rover,Freelander,Hse,S,Se,Xedi
Land Rover,Freelander 2,Hse,Se
Land Rover,Evoque,Dynamic,Hse,Prestige,Pure,Se,Se R-dynamic
Land Rover,Range Rover,Hse,Se,Sport,Vogue
Land Rover,Range Rover Sport,Autobiography,Hse
Porsche,718 cayman,S
Porsche,911,Carrera 2,Carrera 4,Carrera 4s,Carrera S,Turbo
Porsche,Cayenne Turbo,Turbo
Lexus,GS,Luxury,Sport
Lexus,IS,Luxury,Sport
Lexus,NX,Luxury,Sport
Lexus,RX,Luxury,Sport
Mazda,323F,Glx
Mazda,323,Glx
Mazda,MPV,Glx
Mazda,Pick-Up,Drifter,Dx
Chrysler,300,C
Chrysler,300C,C
Chrysler,Grand Caravan,Le,Se
Chrysler,Neon,Le,Lx
Chrysler,PT Cruiser,Classic,Gt,Limited,Touring
Chrysler,Pt Cruiser Touring,Es,Touring
Chrysler,Stratus,Le,Lx
Chrysler,Town & Country,Limited
JAC,S2,Intelligent,Luxury
JAC,S8 Pro,Luxury
JAC,T6,Luxury
